index,smiles,status,error,target,search_time,first_solution_time,first_solution_iteration,number_of_nodes,max_transforms,max_children,number_of_routes,number_of_solved_routes,top_score,is_solved,number_of_steps,number_of_precursors,number_of_precursors_in_stock,precursors_in_stock,precursors_not_in_stock,precursors_availability,policy_used_counts,profiling
0,C[C@H]1COCCN(c2ccc3c(c2)OCCO3)C1,ok,,C[C@H]1COCCN(c2ccc3c(c2)OCCO3)C1,21.717935800552368,0.02337479591369629,1,186,6,16,77,24,0.9976287063411217,True,1,2,2,"C[C@@H]1CNCCOC1, Brc1ccc2c(c1)OCCO2",,zinc;zinc,{'uspto': 185},"{'expansion_calls': 134, 'reactants_generations': 2306, 'iterations': 100}"
1,C[C@H]1CCOCCN1c1ccc2c(c1)OCCO2,ok,,C[C@H]1CCOCCN1c1ccc2c(c1)OCCO2,16.85702896118164,0.016047954559326172,1,246,6,13,93,18,0.9976287063411217,True,1,2,2,"C[C@H]1CCOCCN1, Brc1ccc2c(c1)OCCO2",,zinc;zinc,{'uspto': 245},"{'expansion_calls': 169, 'reactants_generations': 1795, 'iterations': 100}"
2,C[C]1C[C@H](C)CN(c2ccc3c(c2)OCCO3)C1,ok,,C[C]1C[C@H](C)CN(c2ccc3c(c2)OCCO3)C1,24.938544034957886,0.0,0,649,6,13,213,0,0.7659601461011059,False,6,5,4,"Brc1ccc2c(c1)OCCO2, O=C(OC(=O)C(F)(F)F)C(F)(F)F, CC(C)(C)OC(=O)OC(=O)OC(C)(C)C, BrCc1ccccc1",C[C]1C[C@H](C)CNC1=O,zinc;zinc;zinc;zinc;Not in stock,{'uspto': 648},"{'expansion_calls': 442, 'reactants_generations': 2547, 'iterations': 100}"
3,C[C]1C[C@@H](O)CN(c2ccc3c(c2)OCCO3)C1,ok,,C[C]1C[C@@H](O)CN(c2ccc3c(c2)OCCO3)C1,31.858165979385376,0.0,0,527,6,17,115,0,0.7374999999999999,False,4,4,3,"O=C1CCC(=O)N1I, c1ccc2c(c1)OCCO2, O=C(Cl)OCc1ccccc1",C[C]1CNC[C@H](O[Si](C)(C)C(C)(C)C)C1,zinc;zinc;zinc;Not in stock,{'uspto': 526},"{'expansion_calls': 435, 'reactants_generations': 3507, 'iterations': 100}"
4,C[C@@H]1COCCN(c2ccc3c(c2)OCCO3)C1,ok,,C[C@@H]1COCCN(c2ccc3c(c2)OCCO3)C1,19.051006078720093,0.018243074417114258,1,188,6,16,77,24,0.9976287063411217,True,1,2,2,"C[C@H]1CNCCOC1, Brc1ccc2c(c1)OCCO2",,zinc;zinc,{'uspto': 187},"{'expansion_calls': 135, 'reactants_generations': 2277, 'iterations': 100}"
5,Fc1cccc(F)c1-c1ccc2c(c1)OCCO2,ok,,Fc1cccc(F)c1-c1ccc2c(c1)OCCO2,12.946205139160156,0.019652128219604492,1,223,6,33,120,48,0.9976287063411217,True,1,2,2,"Fc1cccc(F)c1Br, OB(O)c1ccc2c(c1)OCCO2",,zinc;zinc,{'uspto': 222},"{'expansion_calls': 120, 'reactants_generations': 1411, 'iterations': 100}"
6,Fc1ccnc(F)c1-c1ccc2c(c1)OCCO2,ok,,Fc1ccnc(F)c1-c1ccc2c(c1)OCCO2,13.25114393234253,0.0367581844329834,1,209,6,24,110,53,0.9976287063411217,True,1,2,2,"Fc1ccnc(F)c1Br, OB(O)c1ccc2c(c1)OCCO2",,zinc;zinc,{'uspto': 208},"{'expansion_calls': 119, 'reactants_generations': 1442, 'iterations': 100}"
7,Fc1nccc(-c2ccc3c(c2)OCCO3)c1F,ok,,Fc1nccc(-c2ccc3c(c2)OCCO3)c1F,12.264149904251099,0.015456914901733398,1,124,6,24,66,30,0.9976287063411217,True,1,2,2,"Fc1nccc(I)c1F, OB(O)c1ccc2c(c1)OCCO2",,zinc;zinc,{'uspto': 123},"{'expansion_calls': 76, 'reactants_generations': 1377, 'iterations': 100}"
8,CCC(C)(C)C(=O)c1ccc2c(c1)OCCO2,ok,,CCC(C)(C)C(=O)c1ccc2c(c1)OCCO2,13.42193603515625,0.12340903282165527,1,342,6,14,112,23,0.9976287063411217,True,1,2,2,"CCC(C)(C)C(=O)N(C)OC, Brc1ccc2c(c1)OCCO2",,zinc;zinc,{'uspto': 341},"{'expansion_calls': 237, 'reactants_generations': 1548, 'iterations': 100}"
9,O=C1OCC[C@@]12CCN(c1c(F)ccnc1F)C2,ok,,O=C1OCC[C@@]12CCN(c1c(F)ccnc1F)C2,15.460073947906494,0.5573780536651611,2,73,6,8,30,5,0.9976287063411217,True,1,2,2,"O=C1OCC[C@@]12CCNC2, Fc1ccnc(F)c1Br",,zinc;zinc,{'uspto': 72},"{'expansion_calls': 66, 'reactants_generations': 1816, 'iterations': 100}"
10,C[C@H]1COCCN(CC2(C#N)CCN(C)CC2)C1,ok,,C[C@H]1COCCN(CC2(C#N)CCN(C)CC2)C1,26.279510021209717,0.0,0,800,6,48,325,0,0.7374999999999999,False,4,4,3,"C[C@@H]1CNCCOC1, CS(=O)(=O)OS(C)(=O)=O, N#CC1(CO)CCN(Cc2ccccc2)CC1",C=O,zinc;zinc;Not in stock;zinc,{'uspto': 799},"{'expansion_calls': 490, 'reactants_generations': 2641, 'iterations': 100}"
11,CN1CCC(C#N)(Oc2c(F)cccc2F)CC1,ok,,CN1CCC(C#N)(Oc2c(F)cccc2F)CC1,14.465816974639893,0.5355000495910645,2,180,6,11,56,11,0.9976287063411217,True,1,2,2,"CN1CCC(O)(C#N)CC1, Fc1cccc(F)c1F",,zinc;zinc,{'uspto': 179},"{'expansion_calls': 147, 'reactants_generations': 1713, 'iterations': 100}"
12,C[C@@H]1C[C@H](C)CN(c2ccc3c(c2)OCCO3)C1,ok,,C[C@@H]1C[C@H](C)CN(c2ccc3c(c2)OCCO3)C1,14.230406761169434,0.014903783798217773,1,211,6,16,109,30,0.9976287063411217,True,1,2,2,"C[C@@H]1CNC[C@H](C)C1, Brc1ccc2c(c1)OCCO2",,zinc;zinc,{'uspto': 210},"{'expansion_calls': 122, 'reactants_generations': 1575, 'iterations': 100}"
13,C[C@H]1COCCN(c2ccc(C#N)c(Cl)c2)C1,ok,,C[C@H]1COCCN(c2ccc(C#N)c(Cl)c2)C1,36.3788058757782,0.014533758163452148,1,166,6,10,73,8,0.9976287063411217,True,1,2,2,"C[C@@H]1CNCCOC1, N#Cc1ccc(F)cc1Cl",,zinc;zinc,{'uspto': 165},"{'expansion_calls': 136, 'reactants_generations': 4292, 'iterations': 100}"
14,CN1CCC(C#N)(c2cnn3c2OCCC3)CC1,ok,,CN1CCC(C#N)(c2cnn3c2OCCC3)CC1,25.714867115020752,12.253216028213501,43,442,6,21,146,12,0.994039853898894,True,2,3,3,"CN(CCCl)CCCl, C[Si](C)(C)C#N, OCc1cnn2c1OCCC2",,zinc;zinc;zinc,{'uspto': 441},"{'expansion_calls': 320, 'reactants_generations': 2806, 'iterations': 100}"
15,C[C@]1(O)CCCN(c2ccc3c(c2)OCCO3)CC1,ok,,C[C@]1(O)CCCN(c2ccc3c(c2)OCCO3)CC1,22.327491760253906,0.015356779098510742,1,314,6,15,113,10,0.9976287063411217,True,1,2,2,"C[C@]1(O)CCCNCC1, Brc1ccc2c(c1)OCCO2",,zinc;zinc,{'uspto': 313},"{'expansion_calls': 224, 'reactants_generations': 2512, 'iterations': 100}"
16,C[C@@H](O)CCCCCc1ccc2c(c1)OCCO2,ok,,C[C@@H](O)CCCCCc1ccc2c(c1)OCCO2,20.0505690574646,0.0349271297454834,1,569,6,27,175,17,0.994039853898894,True,2,2,2,"C#CCCC[C@@H](C)O, Brc1ccc2c(c1)OCCO2",,zinc;zinc,{'uspto': 568},"{'expansion_calls': 401, 'reactants_generations': 2035, 'iterations': 100}"
17,CN1CCC(C#N)(c2ccc3c(c2)OCCO3)CC1,ok,,CN1CCC(C#N)(c2ccc3c(c2)OCCO3)CC1,12.169034004211426,0.014868974685668945,1,255,6,11,99,22,0.9976287063411217,True,1,2,2,"N#CCc1ccc2c(c1)OCCO2, CN(CCCl)CCCl",,zinc;zinc,{'uspto': 254},"{'expansion_calls': 172, 'reactants_generations': 1329, 'iterations': 100}"
18,C[C@@]1(O)CCCN(c2ccc3c(c2)OCCO3)CC1,ok,,C[C@@]1(O)CCCN(c2ccc3c(c2)OCCO3)CC1,22.315265655517578,0.017773866653442383,1,319,6,15,114,10,0.9976287063411217,True,1,2,2,"C[C@@]1(O)CCCNCC1, Brc1ccc2c(c1)OCCO2",,zinc;zinc,{'uspto': 318},"{'expansion_calls': 226, 'reactants_generations': 2403, 'iterations': 100}"
19,C[C@]1(O)CCCN(c2cnn3c2OCCC3)CC1,ok,,C[C@]1(O)CCCN(c2cnn3c2OCCC3)CC1,28.08860969543457,0.7248008251190186,2,394,6,16,116,5,0.9976287063411217,True,1,2,2,"C[C@]1(O)CCCNCC1, Brc1cnn2c1OCCC2",,zinc;zinc,{'uspto': 393},"{'expansion_calls': 297, 'reactants_generations': 3089, 'iterations': 100}"
20,C[C@H]1COCCN(CCCCCCS(C)(=O)=O)C1,ok,,C[C@H]1COCCN(CCCCCCS(C)(=O)=O)C1,18.10867404937744,0.2556300163269043,3,620,6,40,236,23,0.994039853898894,True,2,3,3,"C[C@@H]1CNCCOC1, BrCCCCCCBr, CS(=O)O",,zinc;zinc;zinc,{'uspto': 619},"{'expansion_calls': 402, 'reactants_generations': 1801, 'iterations': 100}"
21,CS(=O)(=O)CCCCc1ccc2c(c1)OCCO2,ok,,CS(=O)(=O)CCCCc1ccc2c(c1)OCCO2,38.653374910354614,3.004563093185425,5,502,6,25,178,14,0.9976287063411217,True,1,2,2,"CS(=O)(=O)CCCCBr, Brc1ccc2c(c1)OCCO2",,zinc;zinc,{'uspto': 501},"{'expansion_calls': 368, 'reactants_generations': 4270, 'iterations': 100}"
22,Cc1cn2ccc(N3CCOC[C@H](C)C3)cc2n1,ok,,Cc1cn2ccc(N3CCOC[C@H](C)C3)cc2n1,16.513195991516113,0.015520095825195312,1,212,6,16,101,28,0.9976287063411217,True,1,2,2,"Cc1cn2ccc(Br)cc2n1, C[C@@H]1CNCCOC1",,zinc;zinc,{'uspto': 211},"{'expansion_calls': 130, 'reactants_generations': 1759, 'iterations': 100}"
23,C[C@H]1COCCN(c2ccc(S(C)(=O)=O)s2)C1,ok,,C[C@H]1COCCN(c2ccc(S(C)(=O)=O)s2)C1,37.690183877944946,0.01415395736694336,1,167,6,7,58,1,0.9976287063411217,True,1,2,2,"C[C@@H]1CNCCOC1, CS(=O)(=O)c1ccc(Br)s1",,zinc;zinc,{'uspto': 166},"{'expansion_calls': 142, 'reactants_generations': 4181, 'iterations': 100}"
24,C[C@@]1(O)CCCN(c2cnn3c2OCCC3)CC1,ok,,C[C@@]1(O)CCCN(c2cnn3c2OCCC3)CC1,29.486117124557495,1.1366279125213623,3,361,6,16,108,5,0.9976287063411217,True,1,2,2,"C[C@@]1(O)CCCNCC1, Brc1cnn2c1OCCC2",,zinc;zinc,{'uspto': 360},"{'expansion_calls': 273, 'reactants_generations': 3193, 'iterations': 100}"
25,N#C[C@H]1CN(c2ccc3c(c2)OCCO3)CCO1,ok,,N#C[C@H]1CN(c2ccc3c(c2)OCCO3)CCO1,16.504009008407593,0.015247106552124023,1,194,6,13,75,29,0.9976287063411217,True,1,2,2,"N#C[C@H]1CNCCO1, Brc1ccc2c(c1)OCCO2",,zinc;zinc,{'uspto': 193},"{'expansion_calls': 139, 'reactants_generations': 1815, 'iterations': 100}"
26,C[C@H]1COCCN(CCCN2C[C@@H](C)[C@H](N)C2)C1,ok,,C[C@H]1COCCN(CCCN2C[C@@H](C)[C@H](N)C2)C1,15.858581781387329,0.4588451385498047,4,865,6,43,436,15,0.9865529289315002,True,3,3,3,"C[C@@H]1CNC[C@H]1NC(=O)OC(C)(C)C, BrCCCBr, C[C@@H]1CNCCOC1",,zinc;zinc;zinc,{'uspto': 864},"{'expansion_calls': 437, 'reactants_generations': 1258, 'iterations': 100}"
27,C[C@H]1COCCN(CCN2CCOC[C@H](C)C2)C1,ok,,C[C@H]1COCCN(CCN2CCOC[C@H](C)C2)C1,19.85313892364502,18.932315826416016,99,799,6,20,350,2,0.975,True,4,3,3,"C[C@H]1COCCN(CCN)C1, O=C(O)CCl, C[C@@H](CO)CBr",,zinc;zinc;zinc,{'uspto': 798},"{'expansion_calls': 458, 'reactants_generations': 1896, 'iterations': 100}"
28,O[C]1CN(c2ccc3c(c2)OCCO3)C[C@@H]1O,ok,,O[C]1CN(c2ccc3c(c2)OCCO3)C[C@@H]1O,27.761956930160522,0.0,0,655,6,24,203,0,0.7734470710684997,False,5,5,4,"Brc1ccc2c(c1)OCCO2, O=C(Cl)Cl, OCC1c2ccccc2-c2ccccc21, CC(C)(C)OC(=O)OC(=O)OC(C)(C)C",CC(=O)O[C]1CNC[C@@H]1O,zinc;zinc;zinc;zinc;Not in stock,{'uspto': 654},"{'expansion_calls': 454, 'reactants_generations': 2814, 'iterations': 100}"
29,Clc1ccc(-c2ccc3c(c2)OCCO3)nc1,ok,,Clc1ccc(-c2ccc3c(c2)OCCO3)nc1,17.370260000228882,0.015088081359863281,1,166,6,19,88,38,0.9976287063411217,True,1,2,2,"Clc1ccc(Br)nc1, OB(O)c1ccc2c(c1)OCCO2",,zinc;zinc,{'uspto': 165},"{'expansion_calls': 104, 'reactants_generations': 1948, 'iterations': 100}"
30,CN1C[C@@H]2CN(c3ccc4c(c3)OCCO4)C[C@@H]2C1,ok,,CN1C[C@@H]2CN(c3ccc4c(c3)OCCO4)C[C@@H]2C1,28.81861400604248,0.016801118850708008,1,291,6,23,143,24,0.9976287063411217,True,1,2,2,"CN1C[C@H]2CNC[C@H]2C1, Brc1ccc2c(c1)OCCO2",,zinc;zinc,{'uspto': 290},"{'expansion_calls': 201, 'reactants_generations': 3141, 'iterations': 100}"
31,CC[C@@H](C)N(OC)C(=O)C1(C#N)CCN(C)CC1,ok,,CC[C@@H](C)N(OC)C(=O)C1(C#N)CCN(C)CC1,26.692081928253174,6.135526895523071,19,501,6,20,141,5,0.9976287063411217,True,1,2,2,"CN(CCCl)CCCl, CC[C@@H](C)N(OC)C(=O)CC#N",,zinc;zinc,{'uspto': 500},"{'expansion_calls': 364, 'reactants_generations': 2795, 'iterations': 100}"
32,CCCCC[C@@H](C)CCC1(C#N)CCN(C)CC1,ok,,CCCCC[C@@H](C)CCC1(C#N)CCN(C)CC1,17.52680015563965,0.0,0,589,6,25,176,0,0.7490529289315001,False,3,4,3,"CN1CCC(C#N)CC1, CCCCC[C@@H](C)CCO, O=S(Cl)Cl",I,zinc;Not in stock;zinc;zinc,{'uspto': 588},"{'expansion_calls': 420, 'reactants_generations': 1797, 'iterations': 100}"
33,C[C@H]1N(c2ccc(S(C)(=O)=O)s2)CCOC1(C)C,ok,,C[C@H]1N(c2ccc(S(C)(=O)=O)s2)CCOC1(C)C,34.12693810462952,0.07757210731506348,1,186,6,6,63,7,0.9976287063411217,True,1,2,2,"C[C@H]1NCCOC1(C)C, CS(=O)(=O)c1ccc(Br)s1",,zinc;zinc,{'uspto': 185},"{'expansion_calls': 154, 'reactants_generations': 3815, 'iterations': 100}"
34,CN1CCC(C#N)(Oc2c(F)ccnc2F)CC1,ok,,CN1CCC(C#N)(Oc2c(F)ccnc2F)CC1,28.11065435409546,1.6832120418548584,3,327,6,10,79,3,0.9976287063411217,True,1,2,2,"CN1CCC(O)(C#N)CC1, Fc1ccnc(F)c1F",,zinc;zinc,{'uspto': 326},"{'expansion_calls': 271, 'reactants_generations': 3012, 'iterations': 100}"
35,CN1CCC(C#N)(C2(C#N)CCN(C)CC2)CC1,ok,,CN1CCC(C#N)(C2(C#N)CCN(C)CC2)CC1,19.90670418739319,7.762005090713501,32,706,6,38,286,8,0.9865529289315002,True,3,3,3,"CN(C)C, N#CCC1(C#N)CCN(Cc2ccccc2)CC1, CN(CCCl)CCCl",,zinc;zinc;zinc,{'uspto': 705},"{'expansion_calls': 435, 'reactants_generations': 1967, 'iterations': 100}"
36,CC[C@H](C)N(OC)C(=O)C1(C#N)CCN(C)CC1,ok,,CC[C@H](C)N(OC)C(=O)C1(C#N)CCN(C)CC1,26.735119819641113,6.686781883239746,19,502,6,20,143,5,0.9976287063411217,True,1,2,2,"CN(CCCl)CCCl, CC[C@H](C)N(OC)C(=O)CC#N",,zinc;zinc,{'uspto': 501},"{'expansion_calls': 363, 'reactants_generations': 2781, 'iterations': 100}"
37,C=CC[C](CO)CCCN1CCC[C@](C)(O)CC1,ok,,C=CC[C](CO)CCCN1CCC[C@](C)(O)CC1,20.821099996566772,0.0,0,762,6,39,241,0,0.7659601461011059,False,6,5,4,"C[C@]1(O)CCCNCC1, O=S(Cl)Cl, BrCc1ccccc1, CC(=O)OC(C)=O",C=CC[C](CO)CCCO,zinc;zinc;zinc;zinc;Not in stock,{'uspto': 761},"{'expansion_calls': 521, 'reactants_generations': 1982, 'iterations': 100}"
38,C[C@H]1COCCN(c2cnn3c2OCCC3)C1,ok,,C[C@H]1COCCN(c2cnn3c2OCCC3)C1,29.838356018066406,0.015074014663696289,1,230,6,15,67,8,0.9976287063411217,True,1,2,2,"C[C@@H]1CNCCOC1, Brc1cnn2c1OCCC2",,zinc;zinc,{'uspto': 229},"{'expansion_calls': 189, 'reactants_generations': 3370, 'iterations': 100}"
39,C[C@H]1COCCN(CCN2CCC[C@](C)(O)CC2)C1,ok,,C[C@H]1COCCN(CCN2CCC[C@](C)(O)CC2)C1,19.943774938583374,0.531609058380127,5,730,6,52,316,9,0.9976287063411217,True,1,2,2,"C[C@H]1COCCN(CCS(C)(=O)=O)C1, C[C@]1(O)CCCNCC1",,zinc;zinc,{'uspto': 729},"{'expansion_calls': 428, 'reactants_generations': 1972, 'iterations': 100}"
40,C[C@@H]1COCCN(c2ccc(S(C)(=O)=O)s2)C1,ok,,C[C@@H]1COCCN(c2ccc(S(C)(=O)=O)s2)C1,37.33646631240845,0.01482701301574707,1,167,6,7,58,1,0.9976287063411217,True,1,2,2,"C[C@H]1CNCCOC1, CS(=O)(=O)c1ccc(Br)s1",,zinc;zinc,{'uspto': 166},"{'expansion_calls': 142, 'reactants_generations': 4149, 'iterations': 100}"
41,Fc1ccc(-c2ccc3c(c2)OCCO3)nc1,ok,,Fc1ccc(-c2ccc3c(c2)OCCO3)nc1,20.294742107391357,0.014719009399414062,1,169,6,20,91,34,0.9976287063411217,True,1,2,2,"Fc1ccc(Br)nc1, OB(O)c1ccc2c(c1)OCCO2",,zinc;zinc,{'uspto': 168},"{'expansion_calls': 109, 'reactants_generations': 2214, 'iterations': 100}"
42,C[C]1CN(c2ccc3c(c2)OCCO3)C[C@@H]1O,ok,,C[C]1CN(c2ccc3c(c2)OCCO3)C[C@@H]1O,21.36302900314331,0.0,0,608,6,19,170,0,0.7259470710684996,False,5,4,3,"Brc1ccc2c(c1)OCCO2, CC(C)(C)OC(=O)OC(=O)OC(C)(C)C, NCc1ccccc1",C[C]1COC(=O)[C@@H]1O,zinc;zinc;Not in stock;zinc,{'uspto': 607},"{'expansion_calls': 443, 'reactants_generations': 2027, 'iterations': 100}"
43,O[C@H]1CN(c2ccc3c(c2)OCCO3)C[C@@H]1O,ok,,O[C@H]1CN(c2ccc3c(c2)OCCO3)C[C@@H]1O,17.68156385421753,0.015748977661132812,1,443,6,31,125,21,0.9976287063411217,True,1,2,2,"O[C@H]1CNC[C@@H]1O, Brc1ccc2c(c1)OCCO2",,zinc;zinc,{'uspto': 442},"{'expansion_calls': 323, 'reactants_generations': 1896, 'iterations': 100}"
44,CCC(C)(C)C(=O)N1CC[C@@]2(CCOC2=O)C1,ok,,CCC(C)(C)C(=O)N1CC[C@@]2(CCOC2=O)C1,6.970185041427612,0.025359153747558594,1,27,4,9,16,4,0.9976287063411217,True,1,2,2,"CCC(C)(C)C(=O)O, O=C1OCC[C@@]12CCNC2",,zinc;zinc,{'uspto': 26},"{'expansion_calls': 23, 'reactants_generations': 824, 'iterations': 100}"
45,CCC(C)(C)C(=O)OC1(C#N)CCN(C)CC1,ok,,CCC(C)(C)C(=O)OC1(C#N)CCN(C)CC1,19.27204728126526,1.2311391830444336,6,493,6,21,141,24,0.994039853898894,True,2,3,3,"CN(CCCl)CCCl, N#CCCl, CCC(C)(C)C(=O)O",,zinc;zinc;zinc,{'uspto': 492},"{'expansion_calls': 352, 'reactants_generations': 1977, 'iterations': 100}"
46,c1cc2c(cc1N1CCCC3(CC3)C1)OCCO2,ok,,c1cc2c(cc1N1CCCC3(CC3)C1)OCCO2,16.942243099212646,0.01575493812561035,1,267,6,16,131,30,0.9976287063411217,True,1,2,2,"C1CNCC2(C1)CC2, Brc1ccc2c(c1)OCCO2",,zinc;zinc,{'uspto': 266},"{'expansion_calls': 160, 'reactants_generations': 1798, 'iterations': 100}"
47,CN1CCC(C#N)(Oc2ccc(C#N)c(Cl)c2)CC1,ok,,CN1CCC(C#N)(Oc2ccc(C#N)c(Cl)c2)CC1,33.74942469596863,0.4771425724029541,2,245,6,25,83,7,0.9976287063411217,True,1,2,2,"CN1CCC(O)(C#N)CC1, N#Cc1ccc(F)cc1Cl",,zinc;zinc,{'uspto': 244},"{'expansion_calls': 208, 'reactants_generations': 3795, 'iterations': 100}"
48,C[C@H]1COCCN(C(=O)c2cnn3c2OCCC3)C1,ok,,C[C@H]1COCCN(C(=O)c2cnn3c2OCCC3)C1,4.898289918899536,0.0235137939453125,1,57,2,12,52,44,0.9976287063411217,True,1,2,2,"O=C(O)c1cnn2c1OCCC2, C[C@@H]1CNCCOC1",,zinc;zinc,{'uspto': 56},"{'expansion_calls': 13, 'reactants_generations': 574, 'iterations': 100}"
49,C[C@H]1COCCN(OC2(C#N)CCN(C)CC2)C1,ok,,C[C@H]1COCCN(OC2(C#N)CCN(C)CC2)C1,29.189581155776978,0.0,0,532,6,14,136,0,0.7259470710684996,False,5,4,3,"O=S(Cl)Cl, CN=C=O, O=S(Cl)Cl",C[C@H]1COCCN(OC(C#N)(CCO)CCO[Si](C)(C)C(C)(C)C)C1,zinc;zinc;Not in stock;zinc,{'uspto': 531},"{'expansion_calls': 405, 'reactants_generations': 2912, 'iterations': 100}"
50,C#CCCCCCC[C@@H]1[C@@H]2CCO[C@@H]2C12CCC2,ok,,C#CCCCCCC[C@@H]1[C@@H]2CCO[C@@H]2C12CCC2,18.217540740966797,0.0,0,785,6,21,344,0,0.7259470710684996,False,5,4,3,"CC(C)(C)O, C=C(Br)Br, C=CCCCC",O=C(Cl)C[C@@H]1[C@@H]2CCO[C@@H]2C12CCC2,Not in stock;zinc;zinc;zinc,{'uspto': 784},"{'expansion_calls': 443, 'reactants_generations': 1595, 'iterations': 100}"
51,N#Cc1ccc(-c2ccc3c(c2)OCCO3)o1,ok,,N#Cc1ccc(-c2ccc3c(c2)OCCO3)o1,14.421650171279907,0.9738149642944336,4,145,6,12,72,24,0.9976287063411217,True,1,2,2,"N#Cc1ccc(Br)o1, OB(O)c1ccc2c(c1)OCCO2",,zinc;zinc,{'uspto': 144},"{'expansion_calls': 97, 'reactants_generations': 1587, 'iterations': 100}"
52,C[C@H]1COCCN(CCN2CCC[C@@](C)(O)CC2)C1,ok,,C[C@H]1COCCN(CCN2CCC[C@@](C)(O)CC2)C1,19.24477505683899,0.061879873275756836,1,707,6,52,308,9,0.9976287063411217,True,1,2,2,"C[C@@]1(O)CCCN(CCO)CC1, C[C@@H]1CNCCOC1",,zinc;zinc,{'uspto': 706},"{'expansion_calls': 413, 'reactants_generations': 1902, 'iterations': 100}"
53,CC(C)(C)[C@H](O)C(=O)c1cnn2c1OCCC2,ok,,CC(C)(C)[C@H](O)C(=O)c1cnn2c1OCCC2,26.3177490234375,7.862323999404907,20,399,6,9,110,9,0.975,True,4,4,4,"Brc1cnn2c1OCCC2, O=S(Cl)Cl, CC(=O)OC(C)=O, CC(C)(C)[C@H](O)C(=O)O",,zinc;zinc;zinc;zinc,{'uspto': 398},"{'expansion_calls': 308, 'reactants_generations': 2895, 'iterations': 100}"
54,C=CC[C](CO)CCCC1(C#N)CCN(C)CC1,ok,,C=CC[C](CO)CCCC1(C#N)CCN(C)CC1,20.934892892837524,0.0,0,650,6,26,209,0,0.646780404401833,False,5,3,2,"CC(=O)OC(C)=O, CC(C)(C)OC(=O)OC(=O)OC(C)(C)C",C=CC[C](CO)CCCC(C#N)(CCBr)CCNC,zinc;zinc;Not in stock,{'uspto': 649},"{'expansion_calls': 441, 'reactants_generations': 1928, 'iterations': 100}"
55,CN1CCC(C#N)(OC2(C#N)CCN(C)CC2)CC1,ok,,CN1CCC(C#N)(OC2(C#N)CCN(C)CC2)CC1,20.69028377532959,0.0,0,736,6,18,304,0,0.7259470710684996,False,5,4,3,"CN(C)C, O=C(Cl)OCc1ccccc1, ClCCNCCCl",CC(C)(C)OC(=O)N1CCC(C#N)(OCC#N)CC1,zinc;Not in stock;zinc;zinc,{'uspto': 735},"{'expansion_calls': 434, 'reactants_generations': 2000, 'iterations': 100}"
56,CCC(CCCN1CCOC(C)(C)[C@H]1C)[N+](=O)[O-],ok,,CCC(CCCN1CCOC(C)(C)[C@H]1C)[N+](=O)[O-],39.16510605812073,0.0,0,581,6,18,126,0,0.7184601461011058,False,6,4,3,"O=S(Cl)Cl, BrCCOCc1ccccc1, CC[C@@H](N)C(C)(C)O",CCC(CCC=O)[N+](=O)[O-],zinc;zinc;Not in stock;zinc,{'uspto': 580},"{'expansion_calls': 473, 'reactants_generations': 4280, 'iterations': 100}"
57,Cc1nnccc1N1CC[C@@]2(CCOC2=O)C1,ok,,Cc1nnccc1N1CC[C@@]2(CCOC2=O)C1,29.901302099227905,0.028028249740600586,1,382,6,13,116,20,0.994039853898894,True,2,2,2,"Cc1nnc(Cl)cc1Cl, O=C1OCC[C@@]12CCNC2",,zinc;zinc,{'uspto': 381},"{'expansion_calls': 302, 'reactants_generations': 3386, 'iterations': 100}"
58,Fc1ccnc(F)c1N1CCn2nccc2C1,ok,,Fc1ccnc(F)c1N1CCn2nccc2C1,20.510568857192993,0.04536175727844238,1,372,6,13,84,7,0.9976287063411217,True,1,2,2,"Fc1ccnc(F)c1F, c1cc2n(n1)CCNC2",,zinc;zinc,{'uspto': 371},"{'expansion_calls': 296, 'reactants_generations': 2120, 'iterations': 100}"
59,NC1CCN(c2ccc3c(c2)OCCO3)CC1,ok,,NC1CCN(c2ccc3c(c2)OCCO3)CC1,23.317787885665894,0.030236005783081055,1,255,6,22,99,39,0.9976287063411217,True,1,2,2,"NC1CCNCC1, Brc1ccc2c(c1)OCCO2",,zinc;zinc,{'uspto': 254},"{'expansion_calls': 191, 'reactants_generations': 2531, 'iterations': 100}"
60,C[C@H]1N(c2cnn3c2OCCC3)CCOC1(C)C,ok,,C[C@H]1N(c2cnn3c2OCCC3)CCOC1(C)C,16.151290893554688,0.025217056274414062,1,153,6,8,57,4,0.9976287063411217,True,1,2,2,"C[C@H]1NCCOC1(C)C, Brc1cnn2c1OCCC2",,zinc;zinc,{'uspto': 152},"{'expansion_calls': 111, 'reactants_generations': 1753, 'iterations': 100}"
61,O=[N+]([O-])c1cc(-c2ccc3c(c2)OCCO3)on1,ok,,O=[N+]([O-])c1cc(-c2ccc3c(c2)OCCO3)on1,30.09036612510681,0.0,0,299,6,11,76,0,0.6698862622648335,False,3,3,2,"CC(=O)c1ccc2c(c1)OCCO2, COC(OC)N(C)C",O=[N+]([O-])O,Not in stock;zinc;zinc,{'uspto': 298},"{'expansion_calls': 241, 'reactants_generations': 3434, 'iterations': 100}"
62,Cc1noc(C)c1N1CCC[C@H]2CN(C)CC[C@H]21,ok,,Cc1noc(C)c1N1CCC[C@H]2CN(C)CC[C@H]21,14.11339020729065,0.5262181758880615,7,405,6,20,111,4,0.9976287063411217,True,1,2,2,"Cc1noc(C)c1Br, CN1CC[C@H]2NCCC[C@H]2C1",,zinc;zinc,{'uspto': 404},"{'expansion_calls': 295, 'reactants_generations': 1374, 'iterations': 100}"
63,CN1C[C]2CN(c3ccc(C#N)c(Cl)c3)C[C@H]2C1,ok,,CN1C[C]2CN(c3ccc(C#N)c(Cl)c3)C[C@H]2C1,22.60609221458435,0.0,0,656,6,19,217,0,0.7184601461011058,False,6,4,3,"N#Cc1ccc(F)cc1Cl, O=C(Cl)OCc1ccccc1, O=Cc1ccccc1",CN1C(=O)[C](CBr)[C@@H](CN)C1=O,zinc;zinc;Not in stock;zinc,{'uspto': 655},"{'expansion_calls': 439, 'reactants_generations': 2145, 'iterations': 100}"
64,Cc1nnccc1-c1ccc2c(c1)OCCO2,ok,,Cc1nnccc1-c1ccc2c(c1)OCCO2,19.987357139587402,0.3240830898284912,3,510,6,24,128,17,0.9559601461011058,True,6,5,5,"OB(O)c1ccc2c(c1)OCCO2, O=P(Cl)(Cl)Cl, O=C1CCC(=O)N1Br, Cc1cc(Cl)c(Cl)nn1, CC(=O)O",,zinc;zinc;zinc;zinc;zinc,{'uspto': 509},"{'expansion_calls': 403, 'reactants_generations': 2195, 'iterations': 100}"
65,N#Cc1ccsc1-c1ccc2c(c1)OCCO2,ok,,N#Cc1ccsc1-c1ccc2c(c1)OCCO2,39.707014083862305,0.01572394371032715,1,276,6,19,115,26,0.9976287063411217,True,1,2,2,"N#Cc1ccsc1Br, OB(O)c1ccc2c(c1)OCCO2",,zinc;zinc,{'uspto': 275},"{'expansion_calls': 221, 'reactants_generations': 4456, 'iterations': 100}"
66,Fc1ccc(-c2cnn3c2OCCC3)c(F)c1F,ok,,Fc1ccc(-c2cnn3c2OCCC3)c(F)c1F,27.218661308288574,0.0374143123626709,1,257,6,12,106,22,0.9976287063411217,True,1,2,2,"OB(O)c1ccc(F)c(F)c1F, Brc1cnn2c1OCCC2",,zinc;zinc,{'uspto': 256},"{'expansion_calls': 179, 'reactants_generations': 2880, 'iterations': 100}"
67,C[C@@H]1CN(c2ccc3c(c2)OCCO3)CCS1,ok,,C[C@@H]1CN(c2ccc3c(c2)OCCO3)CCS1,13.723083972930908,0.0160980224609375,1,171,6,16,71,28,0.9976287063411217,True,1,2,2,"C[C@@H]1CNCCS1, Brc1ccc2c(c1)OCCO2",,zinc;zinc,{'uspto': 170},"{'expansion_calls': 118, 'reactants_generations': 1388, 'iterations': 100}"
68,C#CCCCCCCC1(C#N)CCN(C)CC1,ok,,C#CCCCCCCC1(C#N)CCN(C)CC1,18.522951126098633,0.0,0,601,6,28,172,0,0.6773731872322274,False,2,3,2,"CN1CCC(C#N)CC1, C#CCCCCCCO",II,zinc;zinc;Not in stock,{'uspto': 600},"{'expansion_calls': 435, 'reactants_generations': 1746, 'iterations': 100}"
69,C[C@H]1COCCN(c2c([N+](=O)[O-])ncn2C)C1,ok,,C[C@H]1COCCN(c2c([N+](=O)[O-])ncn2C)C1,20.96832299232483,0.013978958129882812,1,304,6,16,137,11,0.9976287063411217,True,1,2,2,"C[C@@H]1CNCCOC1, Cn1cnc([N+](=O)[O-])c1Cl",,zinc;zinc,{'uspto': 303},"{'expansion_calls': 186, 'reactants_generations': 2075, 'iterations': 100}"
70,N#Cc1ccc(N2CC[C@@]3(CCOC3=O)C2)cc1Cl,ok,,N#Cc1ccc(N2CC[C@@]3(CCOC3=O)C2)cc1Cl,39.56650710105896,0.018770217895507812,1,195,6,14,78,9,0.9976287063411217,True,1,2,2,"N#Cc1ccc(F)cc1Cl, O=C1OCC[C@@]12CCNC2",,zinc;zinc,{'uspto': 194},"{'expansion_calls': 160, 'reactants_generations': 4170, 'iterations': 100}"
71,C[C@H]1CCOCCN1c1ccc(S(C)(=O)=O)s1,ok,,C[C@H]1CCOCCN1c1ccc(S(C)(=O)=O)s1,20.63076901435852,0.08745193481445312,1,158,6,7,43,1,0.9976287063411217,True,1,2,2,"C[C@H]1CCOCCN1, CS(=O)(=O)c1ccc(Br)s1",,zinc;zinc,{'uspto': 157},"{'expansion_calls': 127, 'reactants_generations': 2199, 'iterations': 100}"
72,C[C@H]1CNCCN1c1ccc2c(c1)OCCO2,ok,,C[C@H]1CNCCN1c1ccc2c(c1)OCCO2,168.59300589561462,0.03850889205932617,1,301,6,24,111,38,0.994039853898894,True,2,2,2,"C[C@H]1CN(Cc2ccccc2)CCN1, Brc1ccc2c(c1)OCCO2",,zinc;zinc,{'uspto': 300},"{'expansion_calls': 210, 'reactants_generations': 1822, 'iterations': 71}"
73,CCCCC[C](C)CCN1CCC[C@](C)(O)CC1,ok,,CCCCC[C](C)CCN1CCC[C@](C)(O)CC1,1242.2753381729126,0.0,0,217,6,25,71,0,0.595,False,4,5,3,"C[C@]1(O)CCCNCC1, O=C(Cl)C(=O)Cl, CC(=O)O","CS(=O)(=O)O, CCCCC[C](C)CCBr",zinc;zinc;Not in stock;Not in stock;zinc,{'uspto': 216},"{'expansion_calls': 147, 'reactants_generations': 709, 'iterations': 25}"
74,N#Cc1ccc(-c2c(F)ccnc2F)cc1Cl,ok,,N#Cc1ccc(-c2c(F)ccnc2F)cc1Cl,68.79008507728577,0.5453629493713379,2,206,6,32,86,22,0.9976287063411217,True,1,2,2,"N#Cc1ccc(Br)cc1Cl, OB(O)c1c(F)ccnc1F",,zinc;zinc,{'uspto': 205},"{'expansion_calls': 158, 'reactants_generations': 2976, 'iterations': 100}"
75,C[C@H]1COCCN(CCC2(C#N)CCN(C)CC2)C1,ok,,C[C@H]1COCCN(CCC2(C#N)CCN(C)CC2)C1,15.905921936035156,0.0,0,859,6,47,360,1,0.994039853898894,True,2,3,3,"CN1CCC(C#N)CC1, ClCCI, C[C@@H]1CNCCOC1",,zinc;zinc;zinc,{'uspto': 858},"{'expansion_calls': 501, 'reactants_generations': 1285, 'iterations': 100}"
76,c1cc2n(n1)CCN(c1cnn3c1OCCC3)C2,ok,,c1cc2n(n1)CCN(c1cnn3c1OCCC3)C2,24.422070026397705,0.14569592475891113,2,355,6,17,85,10,0.9976287063411217,True,1,2,2,"Brc1cnn2c1OCCC2, c1cc2n(n1)CCNC2",,zinc;zinc,{'uspto': 354},"{'expansion_calls': 282, 'reactants_generations': 2455, 'iterations': 100}"
77,C[C]1C[C@H](C)CN(c2ccc(S(C)(=O)=O)s2)C1,ok,,C[C]1C[C@H](C)CN(c2ccc(S(C)(=O)=O)s2)C1,36.568620681762695,0.0,0,524,6,21,136,0,0.7976268127677725,False,6,6,5,"CS(=O)(=O)c1ccc(Br)s1, O=C(Cl)Cl, OCC1c2ccccc2-c2ccccc21, CC(C)(C)OC(=O)OC(=O)OC(C)(C)C, BrCc1ccccc1",C[C]1C[C@H](C)CNC1=O,zinc;zinc;zinc;zinc;zinc;Not in stock,{'uspto': 523},"{'expansion_calls': 394, 'reactants_generations': 3702, 'iterations': 100}"
78,CC1CCN(CCN2CCOC[C@H](C)C2)CC1,ok,,CC1CCN(CCN2CCOC[C@H](C)C2)CC1,21.8530490398407,0.02538299560546875,1,644,6,52,302,14,0.9976287063411217,True,1,2,2,"CC1CCN(CCO)CC1, C[C@@H]1CNCCOC1",,zinc;zinc,{'uspto': 643},"{'expansion_calls': 368, 'reactants_generations': 2153, 'iterations': 100}"
79,CC(C)S(=O)(=O)CCCc1ccc(F)c(F)c1F,ok,,CC(C)S(=O)(=O)CCCc1ccc(F)c(F)c1F,33.81358003616333,2.448084831237793,8,602,6,17,250,10,0.994039853898894,True,2,3,3,"Cc1ccc(F)c(F)c1F, O=C1CCC(=O)N1Br, CC(C)S(=O)(=O)CCO",,zinc;zinc;zinc,{'uspto': 601},"{'expansion_calls': 379, 'reactants_generations': 3478, 'iterations': 100}"
80,C[C@H]1COCCN(c2c3c(nn2C)CCCC3)C1,ok,,C[C@H]1COCCN(c2c3c(nn2C)CCCC3)C1,24.08674669265747,4.096004962921143,9,437,6,12,168,43,0.994039853898894,True,2,2,2,"C[C@@H]1CNCCOC1, Cn1nc2ccccc2c1Br",,zinc;zinc,{'uspto': 436},"{'expansion_calls': 285, 'reactants_generations': 2391, 'iterations': 100}"
81,Cc1nn(-c2ccc3c(c2)OCCO3)nc1[N+](=O)[O-],ok,,Cc1nn(-c2ccc3c(c2)OCCO3)nc1[N+](=O)[O-],28.31842803955078,0.0,0,656,6,11,247,0,0.7659601461011059,False,6,5,4,"BrCCBr, OCc1ccccc1, CB1OB(C)OB(C)O1, O=P(Cl)(Cl)Cl",CC(C)(C)[Si](C)(C)Oc1ccc(-n2nc(O)c([N+](=O)[O-])n2)cc1F,zinc;zinc;zinc;zinc;Not in stock,{'uspto': 655},"{'expansion_calls': 410, 'reactants_generations': 2110, 'iterations': 100}"
82,Clc1cnc(-c2ccc3c(c2)OCCO3)c(Cl)n1,ok,,Clc1cnc(-c2ccc3c(c2)OCCO3)c(Cl)n1,20.04006290435791,0.6028480529785156,3,333,6,33,122,37,0.9976287063411217,True,1,2,2,"Clc1cnc(Cl)c(Cl)n1, OB(O)c1ccc2c(c1)OCCO2",,zinc;zinc,{'uspto': 332},"{'expansion_calls': 236, 'reactants_generations': 1970, 'iterations': 100}"
83,C[C@H]1CCOCCN1c1cnn2c1OCCC2,ok,,C[C@H]1CCOCCN1c1cnn2c1OCCC2,22.245577096939087,0.043692827224731445,1,187,6,12,53,7,0.9976287063411217,True,1,2,2,"C[C@H]1CCOCCN1, Brc1cnn2c1OCCC2",,zinc;zinc,{'uspto': 186},"{'expansion_calls': 150, 'reactants_generations': 2216, 'iterations': 100}"
84,C[C](O)CCCCCc1ccc(S(C)(=O)=O)s1,ok,,C[C](O)CCCCCc1ccc(S(C)(=O)=O)s1,29.269877910614014,0.0,0,1006,6,22,591,0,0.785,False,4,5,4,"O=C(OO)c1cccc(Cl)c1, CSSC, O=C1CCC(=O)N1Br, c1ccsc1",C[C](O)CCCCCBr,zinc;zinc;zinc;Not in stock;zinc,{'uspto': 1005},"{'expansion_calls': 423, 'reactants_generations': 2777, 'iterations': 100}"
85,C[C@@H]1COCCCN1c1cnn2c1OCCC2,ok,,C[C@@H]1COCCCN1c1cnn2c1OCCC2,23.8594970703125,0.01777791976928711,1,232,6,12,67,5,0.9976287063411217,True,1,2,2,"C[C@@H]1COCCCN1, Brc1cnn2c1OCCC2",,zinc;zinc,{'uspto': 231},"{'expansion_calls': 178, 'reactants_generations': 2513, 'iterations': 100}"
86,CCCCC[C@@H](C)CCCC1(C#N)CCN(C)CC1,ok,,CCCCC[C@@H](C)CCCC1(C#N)CCN(C)CC1,25.933804035186768,0.0,0,602,6,30,162,0,0.7374999999999999,False,4,4,3,"CN1CCC(C#N)CC1, O=S(Cl)Cl, CCCCC[C@@H](C)CCC(=O)O",I,zinc;Not in stock;zinc;zinc,{'uspto': 601},"{'expansion_calls': 448, 'reactants_generations': 2345, 'iterations': 100}"
87,O=[N+]([O-])c1ccc(-c2ccc3c(c2)OCCO3)s1,ok,,O=[N+]([O-])c1ccc(-c2ccc3c(c2)OCCO3)s1,35.517828941345215,0.5494379997253418,2,237,6,17,112,42,0.9976287063411217,True,1,2,2,"O=[N+]([O-])c1ccc(Br)s1, OB(O)c1ccc2c(c1)OCCO2",,zinc;zinc,{'uspto': 236},"{'expansion_calls': 163, 'reactants_generations': 3201, 'iterations': 100}"
88,Cn1nc([N+](=O)[O-])n(-c2c(F)ccnc2F)c1=O,ok,,Cn1nc([N+](=O)[O-])n(-c2c(F)ccnc2F)c1=O,79.90135025978088,0.0,0,527,6,16,126,0,0.6583333333333333,False,4,3,2,"O=C1CCC(=O)N1Br, CC(=O)O",O=c1[nH]nc([N+](=O)[O-])n1-c1c(F)ccnc1F,Not in stock;zinc;zinc,{'uspto': 526},"{'expansion_calls': 413, 'reactants_generations': 7837, 'iterations': 100}"
89,Nc1c([N+](=O)[O-])cnn1-c1c(F)ccnc1F,ok,,Nc1c([N+](=O)[O-])cnn1-c1c(F)ccnc1F,63.11523079872131,10.169962882995605,14,445,6,22,105,4,0.9976287063411217,True,1,2,2,"Nc1[nH]ncc1[N+](=O)[O-], Fc1ccnc(F)c1F",,zinc;zinc,{'uspto': 444},"{'expansion_calls': 372, 'reactants_generations': 5924, 'iterations': 100}"
90,C[C@H]1N(c2c([N+](=O)[O-])ncn2C)CCOC1(C)C,ok,,C[C@H]1N(c2c([N+](=O)[O-])ncn2C)CCOC1(C)C,28.261297941207886,0.4824240207672119,2,154,6,8,50,8,0.9976287063411217,True,1,2,2,"C[C@H]1NCCOC1(C)C, Cn1cnc([N+](=O)[O-])c1Cl",,zinc;zinc,{'uspto': 153},"{'expansion_calls': 127, 'reactants_generations': 2797, 'iterations': 100}"
91,CS(=O)(=O)c1ccc(N2CC[C@@]3(CCOC3=O)C2)s1,ok,,CS(=O)(=O)c1ccc(N2CC[C@@]3(CCOC3=O)C2)s1,31.99014115333557,0.014316082000732422,1,164,6,5,61,21,0.9976287063411217,True,1,2,2,"CS(=O)(=O)c1ccc(Br)s1, O=C1OCC[C@@]12CCNC2",,zinc;zinc,{'uspto': 163},"{'expansion_calls': 123, 'reactants_generations': 3257, 'iterations': 100}"
92,C#CCCCCCCc1ccc(S(C)(=O)=O)s1,ok,,C#CCCCCCCc1ccc(S(C)(=O)=O)s1,35.47857594490051,0.5201010704040527,2,247,6,10,69,4,0.9976287063411217,True,1,2,2,"C#CCCCCCCBr, CS(=O)(=O)c1cccs1",,zinc;zinc,{'uspto': 246},"{'expansion_calls': 208, 'reactants_generations': 3238, 'iterations': 100}"
93,C[C]1C[C@H](C)CN(c2cnn3c2OCCC3)C1,ok,,C[C]1C[C@H](C)CN(c2cnn3c2OCCC3)C1,40.33922028541565,0.0,0,659,6,11,194,0,0.7976268127677725,False,6,6,5,"O=C1CCC(=O)N1Cl, c1cc2n(n1)CCCO2, O=C(OC(=O)C(F)(F)F)C(F)(F)F, CC(C)(C)OC(=O)OC(=O)OC(C)(C)C, BrCc1ccccc1",C[C]1C[C@H](C)CNC1=O,zinc;zinc;zinc;zinc;zinc;Not in stock,{'uspto': 658},"{'expansion_calls': 469, 'reactants_generations': 3489, 'iterations': 100}"
94,C[C@@H]1C[C@H](C)CN(c2cnn3c2OCCC3)C1,ok,,C[C@@H]1C[C@H](C)CN(c2cnn3c2OCCC3)C1,19.52407479286194,0.020596981048583984,1,144,6,11,46,7,0.9976287063411217,True,1,2,2,"C[C@@H]1CNC[C@H](C)C1, Brc1cnn2c1OCCC2",,zinc;zinc,{'uspto': 143},"{'expansion_calls': 114, 'reactants_generations': 1877, 'iterations': 100}"
95,C[C@H](O)CCCCCC1(C#N)CCN(C)CC1,ok,,C[C@H](O)CCCCCC1(C#N)CCN(C)CC1,22.71514105796814,0.0,0,625,6,31,185,0,0.6698862622648335,False,3,3,2,"CNCCI, O=C1CCC(=O)N1Br",C[C@H](O)CCCCCC(C#N)CCO,zinc;zinc;Not in stock,{'uspto': 624},"{'expansion_calls': 446, 'reactants_generations': 1626, 'iterations': 100}"
96,CN1CCC(C#N)(c2c(F)ccnc2F)CC1,ok,,CN1CCC(C#N)(c2c(F)ccnc2F)CC1,50.600696086883545,38.41117787361145,60,508,6,15,181,8,0.994039853898894,True,2,3,3,"CN(CCCl)CCCl, [C-]#[N+]CS(=O)(=O)c1ccc(C)cc1, O=Cc1c(F)ccnc1F",,zinc;zinc;zinc,{'uspto': 507},"{'expansion_calls': 365, 'reactants_generations': 4815, 'iterations': 100}"
97,CS(=O)(=O)CCCCOc1ccc2c(c1)OCCO2,ok,,CS(=O)(=O)CCCCOc1ccc2c(c1)OCCO2,21.51108407974243,0.02044391632080078,1,562,6,37,235,17,0.9976287063411217,True,1,2,2,"CS(=O)(=O)CCCCBr, Oc1ccc2c(c1)OCCO2",,zinc;zinc,{'uspto': 561},"{'expansion_calls': 348, 'reactants_generations': 2096, 'iterations': 100}"
98,C[C@H]1COCCN(C2(C#N)CCN(C)CC2)C1,ok,,C[C@H]1COCCN(C2(C#N)CCN(C)CC2)C1,35.58405089378357,0.5781257152557373,2,425,6,30,115,14,0.9976287063411217,True,1,3,3,"CN1CCC(=O)CC1, CC(C)(O)C#N, C[C@@H]1CNCCOC1",,zinc;zinc;zinc,{'uspto': 424},"{'expansion_calls': 328, 'reactants_generations': 3134, 'iterations': 100}"
99,Nc1c([N+](=O)[O-])cnn1-c1ccc2c(c1)OCCO2,ok,,Nc1c([N+](=O)[O-])cnn1-c1ccc2c(c1)OCCO2,32.600834131240845,0.4951300621032715,2,286,6,22,103,23,0.9976287063411217,True,1,2,2,"Nc1[nH]ncc1[N+](=O)[O-], Brc1ccc2c(c1)OCCO2",,zinc;zinc,{'uspto': 285},"{'expansion_calls': 217, 'reactants_generations': 3391, 'iterations': 100}"
